<application>
  <component name="GradleJvmSupportMatrix">
    <option name="compatibility">
      <list>
        <VersionMapping>
          <option name="gradleVersionInfo" value="INF-5.0" />
          <option name="javaVersionInfo" value="6-8" />
        </VersionMapping>
        <VersionMapping>
          <option name="gradleVersionInfo" value="INF-INF" />
          <option name="javaVersionInfo" value="8-9" />
        </VersionMapping>
        <VersionMapping>
          <option name="gradleVersionInfo" value="4.3-INF" />
          <option name="javaVersionInfo" value="9-10" />
        </VersionMapping>
        <VersionMapping>
          <option name="gradleVersionInfo" value="4.7-INF" />
          <option name="javaVersionInfo" value="10-11" />
        </VersionMapping>
        <VersionMapping>
          <option name="gradleVersionInfo" value="5.0-INF" />
          <option name="javaVersionInfo" value="11-12" />
        </VersionMapping>
        <VersionMapping>
          <option name="gradleVersionInfo" value="5.4-INF" />
          <option name="javaVersionInfo" value="12-13" />
        </VersionMapping>
        <VersionMapping>
          <option name="gradleVersionInfo" value="6.0-INF" />
          <option name="javaVersionInfo" value="13-14" />
        </VersionMapping>
        <VersionMapping>
          <option name="gradleVersionInfo" value="6.3-INF" />
          <option name="javaVersionInfo" value="14-15" />
        </VersionMapping>
        <VersionMapping>
          <option name="gradleVersionInfo" value="6.7-INF" />
          <option name="javaVersionInfo" value="15-16" />
        </VersionMapping>
        <VersionMapping>
          <option name="gradleVersionInfo" value="7.0-INF" />
          <option name="javaVersionInfo" value="16-17" />
        </VersionMapping>
        <VersionMapping>
          <option name="gradleVersionInfo" value="7.2-INF" />
          <option name="javaVersionInfo" value="17-18" />
        </VersionMapping>
        <VersionMapping>
          <option name="gradleVersionInfo" value="7.5-INF" />
          <option name="javaVersionInfo" value="18-19" />
        </VersionMapping>
        <VersionMapping>
          <option name="gradleVersionInfo" value="7.6-INF" />
          <option name="javaVersionInfo" value="19-20" />
        </VersionMapping>
        <VersionMapping>
          <option name="gradleVersionInfo" value="8.3-INF" />
          <option name="javaVersionInfo" value="20-21" />
        </VersionMapping>
        <VersionMapping>
          <option name="gradleVersionInfo" value="8.5-INF" />
          <option name="javaVersionInfo" value="21-22" />
        </VersionMapping>
      </list>
    </option>
    <option name="default" value="false" />
    <option name="ideVersion" value="2023.3.7" />
    <option name="lastUpdateTime" value="1722971556702" />
    <option name="supportedGradleVersions">
      <list>
        <option value="3.0" />
        <option value="3.1" />
        <option value="3.2" />
        <option value="3.3" />
        <option value="3.4" />
        <option value="3.5" />
        <option value="4.0" />
        <option value="4.1" />
        <option value="4.2" />
        <option value="4.3" />
        <option value="4.4" />
        <option value="4.5" />
        <option value="4.5.1" />
        <option value="4.6" />
        <option value="4.7" />
        <option value="4.8" />
        <option value="4.9" />
        <option value="4.10" />
        <option value="4.10.3" />
        <option value="5.0" />
        <option value="5.1" />
        <option value="5.2" />
        <option value="5.3" />
        <option value="5.3.1" />
        <option value="5.4" />
        <option value="5.4.1" />
        <option value="5.5" />
        <option value="5.5.1" />
        <option value="5.6" />
        <option value="5.6.2" />
        <option value="6.0" />
        <option value="6.0.1" />
        <option value="6.1" />
        <option value="6.2" />
        <option value="6.3" />
        <option value="6.4" />
        <option value="6.5" />
        <option value="6.6" />
        <option value="6.7" />
        <option value="6.8" />
        <option value="6.8.3" />
        <option value="6.9" />
        <option value="7.0" />
        <option value="7.1" />
        <option value="7.2" />
        <option value="7.3" />
        <option value="7.4" />
        <option value="7.5" />
        <option value="7.5.1" />
        <option value="7.6" />
        <option value="8.0" />
        <option value="8.1" />
        <option value="8.2" />
        <option value="8.3" />
        <option value="8.4" />
        <option value="8.5" />
        <option value="8.6" />
        <option value="8.7" />
        <option value="8.8" />
        <option value="8.9" />
      </list>
    </option>
    <option name="supportedJavaVersions">
      <list>
        <option value="8" />
        <option value="9" />
        <option value="10" />
        <option value="11" />
        <option value="12" />
        <option value="13" />
        <option value="14" />
        <option value="15" />
        <option value="16" />
        <option value="17" />
        <option value="18" />
        <option value="19" />
        <option value="20" />
        <option value="21" />
      </list>
    </option>
  </component>
  <component name="NotRoamableUiSettings">
    <option name="presentationModeIdeScale" value="1.75" />
  </component>
  <component name="PropertyService">{
  &quot;keyToString&quot;: {
    &quot;LAST_CALCULATED_COLOR_INDEX_KEY&quot;: &quot;8&quot;,
    &quot;NewProjectWizard.generateOnboardingTips&quot;: &quot;true&quot;,
    &quot;NewProjectWizard.groupIdState&quot;: &quot;org.example&quot;,
    &quot;NextRunPlatformUpdateBuild&quot;: &quot;IC-241.18968.26&quot;,
    &quot;NextRunPlatformUpdateVersion&quot;: &quot;2024.1.5&quot;,
    &quot;ask.about.ctrl.y.shortcut.v2&quot;: &quot;true&quot;,
    &quot;bundled.plugins.list.saved.version&quot;: &quot;IC-233.15325.26&quot;,
    &quot;com.intellij.ide.projectWizard.generators.JavaNewProjectWizard$Step.selectedStep&quot;: &quot;IntelliJ&quot;,
    &quot;com.intellij.ide.wizard.NewProjectWizardLanguageStep.selectedStep&quot;: &quot;Java&quot;,
    &quot;defaultJdkConfigured&quot;: &quot;true&quot;,
    &quot;experimental.ui.on.first.startup&quot;: &quot;true&quot;,
    &quot;experimental.ui.used.version&quot;: &quot;233.15325.26&quot;,
    &quot;fileTypeChangedCounter&quot;: &quot;1&quot;,
    &quot;fontSizeToResetConsole&quot;: &quot;13.0&quot;,
    &quot;fontSizeToResetEditor&quot;: &quot;13.0&quot;,
    &quot;gotit.previous.run&quot;: &quot;IC-233.15325.26&quot;,
    &quot;ide.memory.adjusted&quot;: &quot;true&quot;,
    &quot;input.method.disabler.muted&quot;: &quot;true&quot;,
    &quot;installed.kotlin.plugin.version&quot;: &quot;233.15325.26-IJ&quot;,
    &quot;jdk.selected.JAVA_MODULE&quot;: &quot;21&quot;,
    &quot;last_opened_file_path&quot;: &quot;/home/coder/coursera&quot;,
    &quot;migrated.non.roamable.values.from.general.settings&quot;: &quot;true&quot;,
    &quot;onboarding.generation.number&quot;: &quot;1&quot;,
    &quot;previousColorScheme&quot;: &quot;_@user_Dark&quot;,
    &quot;project.wizard.group&quot;: &quot;NPW.simple-project&quot;,
    &quot;registry.to.advanced.settings.migration.build&quot;: &quot;IC-233.15325.26&quot;
  },
  &quot;keyToStringList&quot;: {
    &quot;file.chooser.recent.files&quot;: [
      &quot;/home/coder/coursera&quot;
    ],
    &quot;fileTypeDetectors&quot;: [
      &quot;com.intellij.ide.scratch.ScratchFileServiceImpl$Detector&quot;,
      &quot;org.jetbrains.plugins.textmate.TextMateFileType$TextMateFileDetector&quot;
    ]
  }
}</component>
  <component name="ShownTips"><![CDATA[{
  "shownTips": {
    "FindReplaceToggle": 1722971712103
  },
  "proposedTips": {
    "FindReplaceToggle": 1722971711846
  },
  "tipsOrderSeed": 1722971711829
}]]></component>
</application>