<application>
  <component name="RecentProjectsManager">
    <option name="additionalInfo">
      <map>
        <entry key="$USER_HOME$/coursera/creating-a-zoo">
          <value>
            <RecentProjectMetaInfo frameTitle="creating-a-zoo – Main.java" opened="true" projectWorkspaceId="2kIWPeGQi2jSkEfuBhfIWw1OKDS">
              <option name="activationTimestamp" value="1722971729075" />
              <option name="binFolder" value="$APPLICATION_HOME_DIR$/bin" />
              <option name="build" value="IC-233.15325.26" />
              <option name="buildTimestamp" value="1717650120000" />
              <option name="colorInfo">
                <RecentProjectColorInfo associatedIndex="8" />
              </option>
              <frame x="140" y="51" width="1400" height="771" />
              <option name="productionCode" value="IC" />
              <option name="projectOpenTimestamp" value="1722971551424" />
            </RecentProjectMetaInfo>
          </value>
        </entry>
      </map>
    </option>
    <option name="lastOpenedProject" value="$USER_HOME$/coursera/creating-a-zoo" />
    <option name="lastProjectLocation" value="$USER_HOME$/coursera" />
  </component>
</application>