<project version="4">
  <component name="BookmarksManager">
    <option name="groups">
      <GroupState>
        <option name="name" value="creating-a-zoo" />
      </GroupState>
    </option>
  </component>
  <component name="FileEditorManager">
    <leaf ideFingerprint="a6h67yzvlq7a" SIDE_TABS_SIZE_LIMIT_KEY="-1">
      <file>
        <entry file="file://$PROJECT_DIR$/src/Main.java">
          <provider editor-type-id="text-editor" selected="true">
            <state relative-caret-position="110">
              <caret line="22" selection-start-line="22" selection-end-line="22" />
            </state>
          </provider>
        </entry>
      </file>
      <file current-in-tab="false">
        <entry file="file://$PROJECT_DIR$/src/Penguin.java">
          <provider editor-type-id="text-editor" selected="true">
            <state relative-caret-position="1034">
              <caret line="50" column="5" lean-forward="true" selection-start-line="50" selection-start-column="5" selection-end-line="50" selection-end-column="5" />
              <folding>
                <element signature="e#144#145#0" expanded="true" />
                <element signature="e#164#165#0" expanded="true" />
                <element signature="e#158#159#0" expanded="true" />
                <element signature="e#191#192#0" expanded="true" />
                <element signature="e#240#241#0" expanded="true" />
                <element signature="e#277#278#0" expanded="true" />
                <element signature="e#310#311#0" expanded="true" />
                <element signature="e#342#343#0" expanded="true" />
                <element signature="e#389#390#0" expanded="true" />
                <element signature="e#431#432#0" expanded="true" />
                <element signature="e#464#465#0" expanded="true" />
                <element signature="e#496#497#0" expanded="true" />
                <element signature="e#543#544#0" expanded="true" />
                <element signature="e#585#586#0" expanded="true" />
                <element signature="e#690#691#0" expanded="true" />
                <element signature="e#763#764#0" expanded="true" />
                <element signature="e#808#809#0" expanded="true" />
                <element signature="e#863#864#0" expanded="true" />
                <element signature="e#1065#1066#0" expanded="true" />
                <element signature="e#1086#1087#0" expanded="true" />
              </folding>
            </state>
          </provider>
        </entry>
      </file>
      <file current-in-tab="false">
        <entry file="file://$PROJECT_DIR$/src/Eat.java">
          <provider editor-type-id="text-editor" selected="true">
            <state>
              <caret column="17" selection-start-column="17" selection-end-column="17" />
            </state>
          </provider>
        </entry>
      </file>
      <file current-in-tab="false">
        <entry file="file://$PROJECT_DIR$/src/Tiger.java">
          <provider editor-type-id="text-editor" selected="true">
            <state relative-caret-position="241">
              <caret line="39" column="57" selection-start-line="39" selection-start-column="57" selection-end-line="39" selection-end-column="57" />
              <folding>
                <element signature="e#146#147#0" expanded="true" />
                <element signature="e#176#177#0" expanded="true" />
                <element signature="e#214#215#0" expanded="true" />
                <element signature="e#251#252#0" expanded="true" />
                <element signature="e#308#309#0" expanded="true" />
                <element signature="e#355#356#0" expanded="true" />
                <element signature="e#384#385#0" expanded="true" />
                <element signature="e#412#413#0" expanded="true" />
                <element signature="e#451#452#0" expanded="true" />
                <element signature="e#480#481#0" expanded="true" />
                <element signature="e#523#524#0" expanded="true" />
                <element signature="e#562#563#0" expanded="true" />
                <element signature="e#626#627#0" expanded="true" />
                <element signature="e#677#678#0" expanded="true" />
                <element signature="e#728#729#0" expanded="true" />
                <element signature="e#749#750#0" expanded="true" />
                <element signature="e#849#850#0" expanded="true" />
                <element signature="e#928#929#0" expanded="true" />
              </folding>
            </state>
          </provider>
        </entry>
      </file>
      <file current-in-tab="false">
        <entry file="file://$PROJECT_DIR$/src/Swim.java">
          <provider editor-type-id="text-editor" selected="true">
            <state relative-caret-position="66">
              <caret line="3" selection-start-line="3" selection-end-line="3" />
            </state>
          </provider>
        </entry>
      </file>
      <file current-in-tab="false">
        <entry file="file://$PROJECT_DIR$/src/Dolphin.java">
          <provider editor-type-id="text-editor" selected="true">
            <state relative-caret-position="183">
              <caret line="30" column="48" lean-forward="true" selection-start-line="30" selection-start-column="8" selection-end-line="30" selection-end-column="48" />
              <folding>
                <element signature="e#123#124#0" expanded="true" />
                <element signature="e#143#144#0" expanded="true" />
                <element signature="e#142#143#0" expanded="true" />
                <element signature="e#179#180#0" expanded="true" />
                <element signature="e#239#240#0" expanded="true" />
                <element signature="e#286#287#0" expanded="true" />
                <element signature="e#323#324#0" expanded="true" />
                <element signature="e#359#360#0" expanded="true" />
                <element signature="e#414#415#0" expanded="true" />
                <element signature="e#459#460#0" expanded="true" />
                <element signature="e#559#560#0" expanded="true" />
                <element signature="e#631#632#0" expanded="true" />
                <element signature="e#683#684#0" expanded="true" />
                <element signature="e#718#719#0" expanded="true" />
              </folding>
            </state>
          </provider>
        </entry>
      </file>
      <file current-in-tab="false">
        <entry file="file://$PROJECT_DIR$/src/Walk.java">
          <provider editor-type-id="text-editor" selected="true">
            <state relative-caret-position="88">
              <caret line="4" column="18" selection-start-line="4" selection-start-column="18" selection-end-line="4" selection-end-column="18" />
            </state>
          </provider>
        </entry>
      </file>
      <file current-in-tab="false">
        <entry file="file://$PROJECT_DIR$/src/Animal.java">
          <provider editor-type-id="text-editor" selected="true">
            <state relative-caret-position="-462">
              <caret column="22" selection-start-column="22" selection-end-column="22" />
            </state>
          </provider>
        </entry>
      </file>
    </leaf>
  </component>
  <component name="FileTypeUsageLocalSummary"><![CDATA[{
  "data": {
    "JAVA": {
      "usageCount": 11,
      "lastUsed": 1753010213591
    }
  }
}]]></component>
  <component name="GitSEFilterConfiguration"><![CDATA[{}]]></component>
  <component name="IdeDocumentHistory">
    <changedPaths>
      <option value="$PROJECT_DIR$/src/Walk.java" />
      <option value="$PROJECT_DIR$/src/Tiger.java" />
      <option value="$PROJECT_DIR$/src/Swim.java" />
      <option value="$PROJECT_DIR$/src/Dolphin.java" />
      <option value="$PROJECT_DIR$/src/Penguin.java" />
      <option value="$PROJECT_DIR$/src/Main.java" />
    </changedPaths>
  </component>
  <component name="IgnoredFileRootStore">
    <option name="generatedRoots">
      <set>
        <option value="$PROJECT_DIR$/.idea" />
      </set>
    </option>
  </component>
  <component name="LanguageUsageStatistics">
    <language id="JAVA">
      <summary usageCount="11" lastUsage="1753010213591" />
    </language>
  </component>
  <component name="ProjectView">
    <navigator currentView="ProjectPane" proportions="" version="1" />
    <panes>
      <pane id="PackagesPane" />
      <pane id="ProjectPane">
        <subPane>
          <expand>
            <path>
              <item name="creating-a-zoo" type="b2602c69:ProjectViewProjectNode" />
              <item name="dir{file:///home/coder/coursera/creating-a-zoo}" type="462c0819:PsiDirectoryNode" />
            </path>
            <path>
              <item name="creating-a-zoo" type="b2602c69:ProjectViewProjectNode" />
              <item name="dir{file:///home/coder/coursera/creating-a-zoo}" type="462c0819:PsiDirectoryNode" />
              <item name="dir{file:///home/coder/coursera/creating-a-zoo/src}" type="462c0819:PsiDirectoryNode" />
            </path>
          </expand>
          <select />
        </subPane>
      </pane>
      <pane id="Scope" />
    </panes>
  </component>
  <component name="ToolWindowManager">
    <layout>
      <window_info id="Bookmarks" order="0" side_tool="true" />
      <window_info active="true" content_ui="combo" id="Project" order="1" visible="true" weight="0.24969175" />
      <window_info id="Learn" order="2" />
      <window_info id="Structure" order="3" side_tool="true" />
      <window_info anchor="bottom" id="Version Control" order="0" />
      <window_info anchor="bottom" id="Find" order="1" weight="0.33005366" />
      <window_info anchor="bottom" id="Run" order="2" visible="true" weight="0.33005366" />
      <window_info anchor="bottom" id="Debug" order="3" weight="0.4" />
      <window_info anchor="bottom" id="TODO" order="4" />
      <window_info anchor="bottom" id="Inspection" order="5" weight="0.4" />
      <window_info anchor="bottom" id="Problems View" order="6" weight="0.33005366" />
      <window_info anchor="bottom" id="Terminal" order="7" />
      <window_info anchor="bottom" id="Services" order="8" />
      <window_info anchor="bottom" id="Build" order="8" />
      <window_info anchor="right" id="Coverage" order="0" side_tool="true" />
      <window_info anchor="right" id="AIAssistant" order="1" />
      <window_info anchor="right" id="Notifications" order="2" weight="0.25" />
      <unified_weights bottom="0.33005366" left="0.24969175" />
    </layout>
    <recentWindows>
      <value>Run</value>
      <value>Problems View</value>
      <value>Project</value>
      <value>Find</value>
    </recentWindows>
  </component>
  <component name="WindowStateProjectService">
    <state width="769" height="156" key="GridCell.Tab.0.bottom" timestamp="1753013547525">
      <screen x="0" y="31" width="811" height="583" />
    </state>
    <state width="769" height="156" key="GridCell.Tab.0.bottom/0.31.811.583@0.31.811.583" timestamp="1753013547525" />
    <state width="769" height="156" key="GridCell.Tab.0.center" timestamp="1753013547525">
      <screen x="0" y="31" width="811" height="583" />
    </state>
    <state width="769" height="156" key="GridCell.Tab.0.center/0.31.811.583@0.31.811.583" timestamp="1753013547525" />
    <state width="769" height="156" key="GridCell.Tab.0.left" timestamp="1753013547525">
      <screen x="0" y="31" width="811" height="583" />
    </state>
    <state width="769" height="156" key="GridCell.Tab.0.left/0.31.811.583@0.31.811.583" timestamp="1753013547525" />
    <state width="769" height="156" key="GridCell.Tab.0.right" timestamp="1753013547525">
      <screen x="0" y="31" width="811" height="583" />
    </state>
    <state width="769" height="156" key="GridCell.Tab.0.right/0.31.811.583@0.31.811.583" timestamp="1753013547525" />
    <state x="68" y="31" width="672" height="688" key="search.everywhere.popup" timestamp="1753002125817">
      <screen x="0" y="31" width="811" height="583" />
    </state>
    <state x="68" y="31" width="672" height="688" key="search.everywhere.popup/0.31.811.583@0.31.811.583" timestamp="1753002125817" />
  </component>
  <component name="editorHistoryManager">
    <entry file="file://$PROJECT_DIR$/src/Swim.java">
      <provider selected="true" editor-type-id="text-editor">
        <state relative-caret-position="66">
          <caret line="3" lean-forward="true" selection-start-line="3" selection-end-line="3" />
        </state>
      </provider>
    </entry>
    <entry file="file://$PROJECT_DIR$/src/Walk.java">
      <provider selected="true" editor-type-id="text-editor">
        <state relative-caret-position="88">
          <caret line="4" column="18" lean-forward="true" selection-start-line="4" selection-start-column="18" selection-end-line="4" selection-end-column="18" />
        </state>
      </provider>
    </entry>
    <entry file="file://$PROJECT_DIR$/src/Eat.java">
      <provider selected="true" editor-type-id="text-editor">
        <state>
          <caret column="17" selection-start-column="17" selection-end-column="17" />
        </state>
      </provider>
    </entry>
    <entry file="file://$PROJECT_DIR$/src/Animal.java">
      <provider selected="true" editor-type-id="text-editor">
        <state relative-caret-position="-462">
          <caret column="22" selection-start-column="22" selection-end-column="22" />
        </state>
      </provider>
    </entry>
    <entry file="file://$PROJECT_DIR$/src/Tiger.java">
      <provider selected="true" editor-type-id="text-editor">
        <state relative-caret-position="241">
          <caret line="39" column="57" selection-start-line="39" selection-start-column="57" selection-end-line="39" selection-end-column="57" />
          <folding>
            <element signature="e#146#147#0" expanded="true" />
            <element signature="e#176#177#0" expanded="true" />
            <element signature="e#214#215#0" expanded="true" />
            <element signature="e#251#252#0" expanded="true" />
            <element signature="e#308#309#0" expanded="true" />
            <element signature="e#355#356#0" expanded="true" />
            <element signature="e#384#385#0" expanded="true" />
            <element signature="e#412#413#0" expanded="true" />
            <element signature="e#451#452#0" expanded="true" />
            <element signature="e#480#481#0" expanded="true" />
            <element signature="e#523#524#0" expanded="true" />
            <element signature="e#562#563#0" expanded="true" />
            <element signature="e#626#627#0" expanded="true" />
            <element signature="e#677#678#0" expanded="true" />
            <element signature="e#728#729#0" expanded="true" />
            <element signature="e#749#750#0" expanded="true" />
            <element signature="e#849#850#0" expanded="true" />
            <element signature="e#928#929#0" expanded="true" />
          </folding>
        </state>
      </provider>
    </entry>
    <entry file="file://$PROJECT_DIR$/src/Dolphin.java">
      <provider selected="true" editor-type-id="text-editor">
        <state relative-caret-position="183">
          <caret line="30" column="48" lean-forward="true" selection-start-line="30" selection-start-column="8" selection-end-line="30" selection-end-column="48" />
          <folding>
            <element signature="e#123#124#0" expanded="true" />
            <element signature="e#143#144#0" expanded="true" />
            <element signature="e#142#143#0" expanded="true" />
            <element signature="e#179#180#0" expanded="true" />
            <element signature="e#239#240#0" expanded="true" />
            <element signature="e#286#287#0" expanded="true" />
            <element signature="e#323#324#0" expanded="true" />
            <element signature="e#359#360#0" expanded="true" />
            <element signature="e#414#415#0" expanded="true" />
            <element signature="e#459#460#0" expanded="true" />
            <element signature="e#559#560#0" expanded="true" />
            <element signature="e#631#632#0" expanded="true" />
            <element signature="e#683#684#0" expanded="true" />
            <element signature="e#718#719#0" expanded="true" />
          </folding>
        </state>
      </provider>
    </entry>
    <entry file="file://$PROJECT_DIR$/src/Penguin.java">
      <provider selected="true" editor-type-id="text-editor">
        <state relative-caret-position="1034">
          <caret line="50" column="5" lean-forward="true" selection-start-line="50" selection-start-column="5" selection-end-line="50" selection-end-column="5" />
          <folding>
            <element signature="e#144#145#0" expanded="true" />
            <element signature="e#164#165#0" expanded="true" />
            <element signature="e#158#159#0" expanded="true" />
            <element signature="e#191#192#0" expanded="true" />
            <element signature="e#240#241#0" expanded="true" />
            <element signature="e#277#278#0" expanded="true" />
            <element signature="e#310#311#0" expanded="true" />
            <element signature="e#342#343#0" expanded="true" />
            <element signature="e#389#390#0" expanded="true" />
            <element signature="e#431#432#0" expanded="true" />
            <element signature="e#464#465#0" expanded="true" />
            <element signature="e#496#497#0" expanded="true" />
            <element signature="e#543#544#0" expanded="true" />
            <element signature="e#585#586#0" expanded="true" />
            <element signature="e#690#691#0" expanded="true" />
            <element signature="e#763#764#0" expanded="true" />
            <element signature="e#808#809#0" expanded="true" />
            <element signature="e#863#864#0" expanded="true" />
            <element signature="e#1065#1066#0" expanded="true" />
            <element signature="e#1086#1087#0" expanded="true" />
          </folding>
        </state>
      </provider>
    </entry>
    <entry file="file://$PROJECT_DIR$/src/Main.java">
      <provider selected="true" editor-type-id="text-editor">
        <state relative-caret-position="110">
          <caret line="22" selection-start-line="22" selection-end-line="22" />
        </state>
      </provider>
    </entry>
  </component>
</project>