<project version="4">
  <component name="BookmarksManager">
    <option name="groups">
      <GroupState>
        <option name="name" value="creating-a-zoo" />
      </GroupState>
    </option>
  </component>
  <component name="FileEditorManager">
    <leaf SIDE_TABS_SIZE_LIMIT_KEY="-1">
      <file>
        <entry file="file://$PROJECT_DIR$/src/Main.java">
          <provider selected="true" editor-type-id="text-editor" />
        </entry>
      </file>
    </leaf>
  </component>
  <component name="FileTypeUsageLocalSummary">
    <fileType name="JAVA">
      <summary usageCount="2" lastUsed="1722971697342" />
    </fileType>
  </component>
  <component name="IgnoredFileRootStore">
    <option name="generatedRoots">
      <set>
        <option value="$PROJECT_DIR$/.idea" />
      </set>
    </option>
  </component>
  <component name="LanguageUsageStatistics">
    <language id="JAVA">
      <summary usageCount="2" lastUsage="1722971697391" />
    </language>
  </component>
  <component name="ProjectView">
    <navigator currentView="ProjectPane" proportions="" version="1" />
    <panes>
      <pane id="PackagesPane" />
      <pane id="ProjectPane">
        <subPane>
          <expand>
            <path>
              <item name="creating-a-zoo" type="b2602c69:ProjectViewProjectNode" />
              <item name="dir{file:///home/coder/coursera/creating-a-zoo}" type="462c0819:PsiDirectoryNode" />
            </path>
            <path>
              <item name="creating-a-zoo" type="b2602c69:ProjectViewProjectNode" />
              <item name="dir{file:///home/coder/coursera/creating-a-zoo}" type="462c0819:PsiDirectoryNode" />
              <item name="dir{file:///home/coder/coursera/creating-a-zoo/src}" type="462c0819:PsiDirectoryNode" />
            </path>
          </expand>
          <select />
        </subPane>
      </pane>
      <pane id="Scope" />
    </panes>
  </component>
  <component name="ToolWindowManager">
    <layoutV2>
      <window_info active="true" content_ui="combo" id="Project" order="0" visible="true" weight="0.33035713" />
      <window_info id="Commit" order="1" weight="0.25" />
      <window_info id="Structure" order="2" side_tool="true" weight="0.25" />
      <window_info anchor="bottom" id="Version Control" order="0" />
      <window_info anchor="bottom" id="Problems" order="1" />
      <window_info anchor="bottom" id="Problems View" order="2" />
      <window_info anchor="bottom" id="Terminal" order="3" />
      <window_info anchor="bottom" id="Services" order="4" />
      <window_info anchor="right" content_ui="combo" id="Notifications" order="0" weight="0.25" />
      <window_info anchor="right" id="AIAssistant" order="1" weight="0.25" />
      <window_info anchor="right" id="Database" order="2" weight="0.25" />
      <window_info anchor="right" id="Gradle" order="3" weight="0.25" />
      <window_info anchor="right" id="Maven" order="4" weight="0.25" />
      <unified_weights left="0.33035713" />
    </layoutV2>
    <recentWindows>
      <value>Project</value>
    </recentWindows>
  </component>
  <component name="editorHistoryManager">
    <entry file="file://$PROJECT_DIR$/src/Main.java">
      <provider selected="true" editor-type-id="text-editor" />
    </entry>
  </component>
</project>