<application>
  <component name="ActionsLocalSummary">
    <e n="$Undo">
      <i c="1" l="1753006966994" />
    </e>
    <e n="EditorBackSpace">
      <i c="1550" l="1753013690347" />
    </e>
    <e n="EditorChooseLookupItem">
      <i c="136" l="1753013017963" />
    </e>
    <e n="EditorCopy">
      <i c="11" l="1753011575182" />
    </e>
    <e n="EditorEnter">
      <i c="227" l="1753013725502" />
    </e>
    <e n="EditorLeft">
      <i c="18" l="1753012048668" />
    </e>
    <e n="EditorPaste">
      <i c="15" l="1753011583305" />
    </e>
    <e n="EditorRight">
      <i c="116" l="1753012924834" />
    </e>
    <e n="FindUsages">
      <i c="1" l="1753005759391" />
    </e>
    <e n="Floating.CodeToolbar.Extract">
      <i c="1" l="1753002264383" />
    </e>
    <e n="NewClass">
      <i c="3" l="1753009799802" />
    </e>
    <e n="Run">
      <i c="11" l="1753015293853" />
    </e>
    <e n="SaveAll">
      <i c="1" l="1753013270231" />
    </e>
    <e n="SearchEverywhere">
      <i c="1" l="1753002122038" />
    </e>
    <e n="SettingsEntryPoint">
      <i c="1" l="1753002127328" />
    </e>
    <e n="WelcomeScreen.OpenProject">
      <i c="1" l="1726764158401" />
    </e>
    <e n="com.intellij.openapi.editor.impl.EditorMarkupModelImpl$TrafficLightAction">
      <i c="7" l="1753012933635" />
    </e>
    <e n="com.intellij.toolWindow.ToolWindowHeader$HideAction">
      <i c="8" l="1753012957731" />
    </e>
  </component>
</application>