<application>
  <component name="RecentProjectsManager">
    <option name="additionalInfo">
      <map>
        <entry key="$USER_HOME$/coursera/creating-a-zoo">
          <value>
            <RecentProjectMetaInfo frameTitle="creating-a-zoo – Main.java" opened="true" projectWorkspaceId="2kIWPeGQi2jSkEfuBhfIWw1OKDS">
              <option name="activationTimestamp" value="1753013182883" />
              <option name="binFolder" value="$APPLICATION_HOME_DIR$/bin" />
              <option name="build" value="IC-241.18034.62" />
              <option name="buildTimestamp" value="1718905980000" />
              <option name="colorInfo">
                <RecentProjectColorInfo associatedIndex="8" />
              </option>
              <frame x="66" y="51" width="1400" height="786" />
              <option name="productionCode" value="IC" />
              <option name="projectOpenTimestamp" value="1753001626715" />
            </RecentProjectMetaInfo>
          </value>
        </entry>
      </map>
    </option>
    <option name="lastOpenedProject" value="$USER_HOME$/coursera/creating-a-zoo" />
  </component>
</application>