<application>
  <component name="DimensionService">
    <size key="GridCell.Tab.0.left.0.0.811.614" width="769" height="156" />
    <size key="GridCell.Tab.0.center.0.0.811.614" width="769" height="156" />
    <size key="GridCell.Tab.0.right.0.0.811.614" width="769" height="156" />
    <size key="GridCell.Tab.0.bottom.0.0.811.614" width="769" height="156" />
  </component>
  <component name="WindowManager">
    <frame x="66" y="51" width="1400" height="786" />
  </component>
  <component name="WindowStateApplicationService">
    <state x="549" y="172" width="434" height="488" key="FileChooserDialogImpl" timestamp="1726764168113">
      <screen x="0" y="31" width="1532" height="826" />
    </state>
    <state x="549" y="172" width="434" height="488" key="FileChooserDialogImpl/0.31.1532.826" timestamp="1726764168113" />
  </component>
</application>